{"intervals":{"nclist":[[0,992,8224,1,"chr2:95879406","157217","N/A","1000","22","0.960508","N/A","0","0.0374865","6956","6216","264","7220","chr2","align_both//0008/both041630","0.0376258","0.963435","95886665","182","82","N/A","N/A","95879406","53","242951149"],[0,1004,8224,1,"chr2:97488707","155659","N/A","1000","21","0.959065","N/A","0","0.0391455","6935","6189","275","7210","chr2","align_both//0008/both041639","0.0393052","0.961859","97495956","192","83","N/A","N/A","97488707","51","242951149"],[0,1004,8224,-1,"chr2:97273603","156008","N/A","1000","21","0.95865","N/A","0","0.039584","6932","6224","278","7210","chr2","align_both//0008/both041640","0.0397503","0.961442","97280852","195","83","N/A","N/A","97273603","51","242951149",{"Sublist":[[0,1116,6540,-1,"chr2:88881707","113380","N/A","1000","23","0.959838","N/A","0","0.0369743","5210","4506","195","5405","chr2","align_both//0008/both041623","0.0370859","0.963922","88887148","128","67","N/A","N/A","88881707","57","242951149"]]}],[0,8814,41303,1,"chr21:10176355","306017","N/A","1000","53","0.980174","N/A","0","0.0184439","31740","11083","589","32329","chr21","align_both//0008/both041653","0.0184638","0.981781","10208771","359","230","N/A","N/A","10176355","249","46944323",{"Sublist":[[0,8814,25387,1,"chr22:15882913","173119","N/A","1000","29","0.976114","N/A","0","0.0225054","16142","6352","366","16508","chr22","align_both//0008/both041657","0.0225393","0.977829","15899457","230","136","N/A","N/A","15882913","103","49691432"],[0,29564,33275,1,"chr22:19844681","41135","N/A","1000","7","0.960388","N/A","0","0.0387826","3564","1508","140","3704","chr22","align_both//0008/both041686","0.0388711","0.962203","19848402","85","55","N/A","N/A","19844681","26","49691432"],[0,29564,33275,1,"chr22:19013742","41135","N/A","1000","7","0.959558","N/A","0","0.039658","3559","1508","143","3702","chr22","align_both//0008/both041677","0.0397662","0.961372","19017461","90","53","N/A","N/A","19013742","28","49691432"],[0,29564,33275,1,"chr22:18699966","40844","N/A","1000","9","0.960399","N/A","0","0.0382248","3565","1508","138","3703","chr22","align_both//0008/both041672","0.0383072","0.962733","18703692","83","55","N/A","N/A","18699966","33","49691432"],[0,29564,33275,-1,"chr22:17070249","41135","N/A","1000","7","0.959288","N/A","0","0.0399429","3558","1508","144","3702","chr22","align_both//0008/both041658","0.0400545","0.961102","17073968","91","53","N/A","N/A","17070249","28","49691432",{"Sublist":[[0,29564,33273,-1,"chr22:20012805","40844","N/A","1000","9","0.960864","N/A","0","0.0377298","3560","1508","136","3696","chr22","align_both//0008/both041696","0.0378247","0.963203","20016519","85","51","N/A","N/A","20012805","33","49691432"]]}],[0,30324,33275,1,"chr22:17092538","28885","N/A","1000","6","0.961017","N/A","0","0.0379696","2835","1041","109","2944","chr22","align_both//0008/both041659","0.0380185","0.962976","17095493","59","50","N/A","N/A","17092538","20","49691432"],[0,35161,36220,-1,"chr2:58332269","23995","N/A","1000","3","0.941176","N/A","0","0.058349","992","1031","59","1051","chr2","align_both//0008/both041622","0.0588113","0.943863","58333325","44","15","N/A","N/A","58332269","15","242951149"]]}],[0,36379,61950,-1,"chr22:17240361","358328","N/A","1000","84","0.954972","N/A","0","0.0430826","24326","14003","1063","25389","chr22","align_both//0008/both041669","0.0431298","0.958131","17269515","545","518","N/A","N/A","17240361","3949","49691432",{"Sublist":[[0,38893,49877,-1,"chr22:22153187","90981","N/A","1000","48","0.909343","N/A","0","0.0900474","6881","4375","638","7519","chr22","align_both//0008/both041703","0.0905459","0.915148","22161201","386","252","N/A","N/A","22153187","3962","49691432"],[0,41633,61342,1,"chr22:17097337","0","N/A","1000","58","0.959589","N/A","0","0.0382311","17073","0","661","17734","chr22","align_both//0008/both041661","0.0382681","0.962727","17117138","339","322","N/A","N/A","17097337","2245","49691432"]]}],[0,43567,62193,1,"chr22:19851980","0","N/A","1000","27","0.961982","N/A","0","0.0373713","16017","0","606","16623","chr22","align_both//0008/both041687","0.0374438","0.963544","19868647","358","248","N/A","N/A","19851980","250","49691432",{"Sublist":[[0,43567,61866,-1,"chr22:19993080","0","N/A","1000","26","0.966082","N/A","0","0.0330945","15751","0","527","16278","chr22","align_both//0008/both041697","0.0331568","0.967625","20009398","318","209","N/A","N/A","19993080","264","49691432",{"Sublist":[[0,43567,61207,-1,"chr22:18970877","0","N/A","1000","32","0.972787","N/A","0","0.0256782","15407","0","399","15806","chr22","align_both//0008/both041679","0.0257053","0.974756","18986966","225","174","N/A","N/A","18970877","320","49691432"],[0,43567,61207,1,"chr22:18706261","0","N/A","1000","28","0.9739","N/A","0","0.0247651","15299","0","382","15681","chr22","align_both//0008/both041673","0.0248","0.975639","18721991","231","151","N/A","N/A","18706261","211","49691432"]]}]]}],[0,47133,65778,1,"chr22:19024658","308020","N/A","1000","42","0.934211","N/A","0","0.0665509","17452","13465","1187","18639","chr22","align_both//0008/both041680","0.0667514","0.936316","19046222","676","511","N/A","N/A","19024658","2933","49691432",{"Sublist":[[0,47133,61512,-1,"chr22:17048730","288436","N/A","1000","16","0.971564","N/A","0","0.0278657","13974","10997","393","14367","chr22","align_both//0008/both041662","0.0279171","0.972646","17063129","246","147","N/A","N/A","17048730","46","49691432",{"Sublist":[[0,51031,60995,-1,"chr22:22143417","141107","N/A","1000","46","0.932502","N/A","0","0.0657436","8828","6086","593","9421","chr22","align_both//0008/both041704","0.066107","0.937056","22152902","389","204","N/A","N/A","22143417","609","49691432"]]}]]}],[0,65858,70723,1,"chr22:22137144","78563","N/A","1000","28","0.922855","N/A","0","0.0754711","4486","3605","347","4833","chr22","align_both//0008/both041705","0.0759083","0.928202","22142328","222","125","N/A","N/A","22137144","385","49691432"],[0,65858,70723,1,"chr22:19986234","105467","N/A","1000","9","0.973738","N/A","0","0.0248682","4746","3881","119","4865","chr22","align_both//0008/both041691","0.0249203","0.97554","19991119","79","40","N/A","N/A","19986234","22","49691432"],[0,65858,70723,-1,"chr22:19870605","105027","N/A","1000","9","0.972712","N/A","0","0.0259313","4741","3881","124","4865","chr22","align_both//0008/both041690","0.0259872","0.974512","19875490","82","42","N/A","N/A","19870605","22","49691432"],[0,65858,70723,1,"chr22:18963080","105758","N/A","1000","8","0.974348","N/A","0","0.0244434","4748","3881","117","4865","chr22","align_both//0008/both041682","0.0244846","0.975951","18967964","74","43","N/A","N/A","18963080","21","49691432"],[0,65858,70723,-1,"chr22:18724622","105065","N/A","1000","7","0.972279","N/A","0","0.0267942","4735","3881","128","4863","chr22","align_both//0008/both041675","0.0268414","0.973679","18729502","80","48","N/A","N/A","18724622","21","49691432"],[0,65858,70723,1,"chr22:17233515","104843","N/A","1000","10","0.972923","N/A","0","0.0255059","4743","3881","122","4865","chr22","align_both//0008/both041670","0.0255529","0.974923","17238404","78","44","N/A","N/A","17233515","26","49691432"],[0,65858,70723,-1,"chr22:17119577","105176","N/A","1000","9","0.972496","N/A","0","0.0261551","4738","3881","125","4863","chr22","align_both//0008/both041666","0.0262048","0.974296","17124459","80","45","N/A","N/A","17119577","23","49691432"],[0,65858,70723,1,"chr22:17041757","104835","N/A","1000","8","0.97249","N/A","0","0.0263681","4737","3881","126","4863","chr22","align_both//0008/both041665","0.0264072","0.97409","17046638","76","50","N/A","N/A","17041757","22","49691432"],[0,70717,101979,1,"chr22:19880868","459604","N/A","1000","75","0.972703","N/A","0","0.0253729","30289","17177","775","31064","chr22","align_both//0008/both041692","0.0254291","0.975052","19912239","519","256","N/A","N/A","19880868","507","49691432"],[0,70717,101979,1,"chr22:17129837","460876","N/A","1000","77","0.972363","N/A","0",