{"intervals":{"minStart":65878,"count":12,"classes":[{"isArrayAttr":{"Subfeatures":1},"attributes":["Start","End","Strand","Name","Score","ccov","posBasesHit","indelN","fracMatchIndel","testResult","uid","jcK","matchB","alignB","mismatchB","alignL","otherChrom","alignfile","k2K","fracMatch","otherEnd","transitionsB","transversionsB","verdict","chits","otherStart","indelS","otherSize"]},{"attributes":["Start","End","Strand","Type"],"isArrayAttr":{}},{"isArrayAttr":{"Sublist":1},"attributes":["Start","End","Chunk"]}],"lazyClass":2,"maxEnd":1587541,"urlTemplate":"lf-{Chunk}.json","nclist":[[0,65878,67001,1,"chr6_random:67103","12330","N/A","1000","2","0.934705","N/A","0","0.0664814","1045","485","71","1116","chr6_random","align_both//0021/both107424","0.0669007","0.93638","68226","48","23","N/A","N/A","67103","16","1875562"],[0,67103,68226,1,"chr6_random:65878","12330","N/A","1000","2","0.934705","N/A","0","0.0664814","1045","485","71","1116","chr6_random","align_both//0021/both107424","0.0669007","0.93638","67001","48","23","N/A","N/A","65878","16","1875562"],[0,163192,164828,-1,"chr10:57865972","25769","N/A","1000","12","0.933498","N/A","0","0.0620509","1516","1205","96","1612","chr10","align_both//0004/both021878","0.0622614","0.940447","57867618","57","39","N/A","N/A","57865972","60","135374737"],[0,163192,164828,-1,"chr10:48658997","31935","N/A","1000","6","0.973039","N/A","0","0.0237421","1588","1198","38","1626","chr10","align_both//0004/both021438","0.0237742","0.97663","48660637","23","15","N/A","N/A","48658997","26","135374737"],[0,163192,164828,-1,"chr10:46750031","31605","N/A","1000","6","0.971814","N/A","0","0.0250127","1586","1198","40","1626","chr10","align_both//0004/both021174","0.0250538","0.9754","46751671","25","15","N/A","N/A","46750031","26","135374737"],[0,163192,164828,-1,"chr10:46269239","31935","N/A","1000","6","0.973039","N/A","0","0.0237421","1588","1198","38","1626","chr10","align_both//0004/both021043","0.0237742","0.97663","46270879","23","15","N/A","N/A","46269239","26","135374737"],[0,1357416,1360231,1,"chr6:157435167","42236","N/A","1000","5","0.988277","N/A","0","0.0100312","2782","1475","28","2810","chr6","align_both//0021/both106425","0.0100325","0.990036","157437976","13","15","N/A","N/A","157435167","6","170899992"],[0,1456340,1459136,1,"chr6:157419200","57862","N/A","1000","3","0.99178","N/A","0","0.00718999","2775","1968","20","2795","chr6","align_both//0021/both106424","0.00719069","0.992844","157421995","4","16","N/A","N/A","157419200","3","170899992"],[0,1519775,1521878,-1,"chr15:57285831","42447","N/A","1000","8","0.913973","N/A","0","0.0874432","1923","2109","173","2096","chr15","align_both//0010/both053289","0.0881382","0.917462","57287999","115","58","N/A","N/A","57285831","81","100338915"],[0,1519808,1522023,-1,"chr12:61682849","45659","N/A","1000","7","0.91453","N/A","0","0.0874916","2033","2235","183","2216","chr12","align_both//0007/both035169","0.0883645","0.917419","61685130","129","54","N/A","N/A","61682849","66","132349534"],[0,1585776,1587541,1,"chr20:21415502","34808","N/A","1000","9","0.911429","N/A","0","0.0889298","1595","1741","146","1741","chr20","align_both//0017/both086318","0.0895353","0.91614","21417259","93","53","N/A","N/A","21415502","42","62435964",{"Sublist":[[0,1585803,1587388,-1,"chr11:43832839","32170","N/A","1000","8","0.915041","N/A","0","0.0849649","1454","1608","127","1581","chr11","align_both//0005/both027539","0.0856687","0.919671","43834712","86","41","N/A","N/A","43832839","298","134452384"]]}]]},"formatVersion":1,"featureCount":12,"histograms":{"stats":[{"max":6,"mean":3,"basesPerBin":"500000"}],"meta":[{"basesPerBin":"500000","arrayParams":{"chunkSize":10000,"urlTemplate":"hist-500000-{Chunk}.json","length":4}}]}}