{"histograms":{"stats":[{"basesPerBin":"200000","mean":3.66666666666667,"max":7}],"meta":[{"arrayParams":{"chunkSize":10000,"urlTemplate":"hist-200000-{Chunk}.json","length":3},"basesPerBin":"200000"}]},"featureCount":11,"formatVersion":1,"intervals":{"classes":[{"attributes":["Start","End","Strand","Name","Score","ccov","posBasesHit","indelN","fracMatchIndel","testResult","uid","jcK","matchB","alignB","mismatchB","alignL","otherChrom","alignfile","k2K","fracMatch","otherEnd","transitionsB","transversionsB","verdict","chits","otherStart","indelS","otherSize"],"isArrayAttr":{"Subfeatures":1}},{"isArrayAttr":{},"attributes":["Start","End","Strand","Type"]},{"isArrayAttr":{"Sublist":1},"attributes":["Start","End","Chunk"]}],"minStart":26584,"count":11,"lazyClass":2,"maxEnd":443668,"urlTemplate":"lf-{Chunk}.json","nclist":[[0,26584,29624,-1,"chr7:158617256","25126","N/A","1000","15","0.941296","N/A","0","0.0548714","2309","946","129","2438","chr7","align_both//0022/both111666","0.0550105","0.947088","158619780","74","55","N/A","N/A","158617256","690","158821424"],[0,67478,69578,1,"chr7_random:69579","49753","N/A","1000","2","0.950999","N/A","0","0.0497066","1999","2020","101","2100","chr7_random","align_both//0022/both111674","0.0498115","0.951905","71713","57","44","N/A","N/A","69579","36","549659"],[0,69579,71713,1,"chr7_random:67478","49753","N/A","1000","2","0.950999","N/A","0","0.0497066","1999","2020","101","2100","chr7_random","align_both//0022/both111674","0.0498115","0.951905","69578","57","44","N/A","N/A","67478","36","549659"],[0,100582,102524,1,"chr1:149486969","36488","N/A","1000","18","0.904242","N/A","0","0.0910997","1492","1919","140","1632","chr1","align_both//0002/both011929","0.0918232","0.914216","149488631","92","48","N/A","N/A","149486969","342","247249719"],[0,186055,193653,-1,"chr3:75773019","42243","N/A","1000","38","0.904561","N/A","0","0.0968814","6862","2248","686","7548","chr3","align_both//0018/both093100","0.0973182","0.909115","75782010","390","296","N/A","N/A","75773019","1495","199501827"],[0,189802,194035,1,"chr4:191203828","35760","N/A","1000","22","0.896973","N/A","0","0.105233","3674","1973","400","4074","chr4","align_both//0019/both099237","0.105805","0.901816","191208219","232","168","N/A","N/A","191203828","478","191273063",{"Sublist":[[0,189802,193653,1,"chr10:135308657","34214","N/A","1000","18","0.899507","N/A","0","0.103033","3464","1850","369","3833","chr10","align_both//0005/both025222","0.103522","0.903731","135312808","209","160","N/A","N/A","135308657","338","135374737"]]}],[0,266723,345700,1,"chr17_random:1","1197374","N/A","1000","64","0.989247","N/A","0","0.0100149","77924","41966","783","78707","chr17_random","align_both//0013/both069280","0.0100182","0.990052","78762","426","357","N/A","N/A","1","326","2617613"],[0,400001,402202,1,"chr7:485633","57710","N/A","1000","0","0.992714","N/A","0","0.0073216","2180","1975","16","2196","chr7","align_both//0021/both107609","0.00732161","0.992714","487834","5","11","N/A","N/A","485633","0","158821424"],[0,415064,416177,1,"chr7_random:442555","25986","N/A","1000","0","0.964093","N/A","0","0.0367946","1074","1191","40","1114","chr7_random","align_both//0022/both111684","0.0368241","0.964093","443668","20","20","N/A","N/A","442555","0","549659"],[0,442555,443668,1,"chr7_random:415064","25986","N/A","1000","0","0.964093","N/A","0","0.0367946","1074","1191","40","1114","chr7_random","align_both//0022/both111684","0.0368241","0.964093","416177","20","20","N/A","N/A","415064","0","549659"]]}}