{"formatVersion":1,"intervals":{"nclist":[[0,90753,134230,-1,"chr2:113919445","691877","N/A","1000","80","0.983335","N/A","0","0.0149819","42307","24556","637","42944","chr2","align_both//0016/both082015","0.0149996","0.985167","113962592","417","220","N/A","N/A","113919445","738","242951149"],[0,90753,134230,1,"chr9:69679436","710571","N/A","1000","57","0.991032","N/A","0","0.00769632","42768","24488","330","43098","chr9","align_both//0018/both091308","0.00770011","0.992343","69722665","206","124","N/A","N/A","69679436","512","140273252"],[0,90753,134230,-1,"chr9:42654117","710509","N/A","1000","57","0.991032","N/A","0","0.00769632","42768","24486","330","43098","chr9","align_both//0018/both091289","0.00770011","0.992343","42697345","206","124","N/A","N/A","42654117","511","140273252"],[0,90753,134230,-1,"chr9:70053976","700554","N/A","1000","68","0.987513","N/A","0","0.0110036","42467","24463","469","42936","chr9","align_both//0018/both091310","0.0110101","0.989077","70097096","281","188","N/A","N/A","70053976","727","140273252"],[0,90753,134230,1,"chr9:118661","681553","N/A","1000","79","0.982003","N/A","0","0.0163672","42233","24356","695","42928","chr9","align_both//0018/both091280","0.0163842","0.98381","161738","432","263","N/A","N/A","118661","700","140273252"],[0,90753,134230,1,"chr9:68502008","698129","N/A","1000","75","0.986739","N/A","0","0.011626","42413","24482","495","42908","chr9","align_both//0018/both091304","0.0116345","0.988464","68545081","308","187","N/A","N/A","68502008","736","140273252",{"Sublist":[[0,90757,121040,1,"chr9:69478528","505359","N/A","1000","38","0.990995","N/A","0","0.00778783","29713","17410","232","29945","chr9","align_both//0018/both091307","0.00779174","0.992252","69508549","145","87","N/A","N/A","69478528","416","140273252"]]}],[0,134236,188335,1,"chrY:11710365","0","N/A","1000","153","0.957244","N/A","0","0.0408492","46881","0","1941","48822","chrY","align_both//0018/both091315","0.0409541","0.960243","11764075","1196","745","N/A","N/A","11710365","7637","57772954",{"Sublist":[[0,134236,143219,-1,"chr21_random:1619113","58039","N/A","1000","27","0.954806","N/A","0","0.043463","8324","2230","367","8691","chr21_random","align_both//0017/both089335","0.043552","0.957772","1630446","212","155","N/A","N/A","1619113","2936","1679693"],[0,134236,143219,1,"chr4_random:459895","58039","N/A","1000","27","0.957769","N/A","0","0.0403186","8346","2230","341","8687","chr4_random","align_both//0018/both091255","0.0403878","0.960746","472439","193","148","N/A","N/A","459895","4155","842648",{"Sublist":[[0,134236,138849,-1,"chr2:132228128","44219","N/A","1000","35","0.899196","N/A","0","0.100336","4139","1740","429","4568","chr2","align_both//0016/both083165","0.100687","0.906086","132232913","230","199","N/A","N/A","132228128","264","242951149",{"Sublist":[[0,134236,138034,1,"chr9:45323316","45279","N/A","1000","22","0.907236","N/A","0","0.0929754","3423","1737","328","3751","chr9","align_both//0018/both091296","0.0933214","0.912557","45327232","181","147","N/A","N/A","45323316","214","140273252",{"Sublist":[[0,134236,137367,-1,"chr9:69891680","45939","N/A","1000","13","0.926258","N/A","0","0.0733362","2889","1737","217","3106","chr9","align_both//0018/both091309","0.0735486","0.930135","69894913","120","97","N/A","N/A","69891680","154","140273252"],[0,134236,137367,-1,"chr9:67794778","44949","N/A","1000","13","0.917922","N/A","0","0.0826242","2863","1737","243","3106","chr9","align_both//0018/both091302","0.0829242","0.921764","67798010","137","106","N/A","N/A","67794778","153","140273252",{"Sublist":[[0,134236,137125,1,"chr14:18896357","44028","N/A","1000","15","0.904893","N/A","0","0.0963357","2626","1738","261","2887","chr14","align_both//0008/both042188","0.0966344","0.909595","18899420","138","123","N/A","N/A","18896357","180","106368585",{"Sublist":[[0,134236,137021,-1,"chr21_random:1210261","44800","N/A","1000","12","0.924937","N/A","0","0.0746335","2563","1719","196","2759","chr21_random","align_both//0017/both089193","0.074975","0.92896","1213143","119","77","N/A","N/A","1210261","151","1679693",{"Sublist":[[0,134236,136931,-1,"chr9:42246827","45609","N/A","1000","8","0.926554","N/A","0","0.0741982","2460","1737","187","2647","chr9","align_both//0018/both091286","0.0744221","0.929354","42249590","104","83","N/A","N/A","42246827","166","140273252",{"Sublist":[[0,134236,136928,1,"chr22:14474027","43557","N/A","1000","10","0.930741","N/A","0","0.0688664","2513","1737","177","2690","chr22","align_both//0017/both089378","0.0690941","0.934201","14476859","102","75","N/A","N/A","14474027","146","49691432"]]}]]}]]}]]}]]}]]}]]}],[0,137624,176954,1,"chr21_random:753862","319762","N/A","1000","120","0.958839","N/A","0","0.0392028","37318","12629","1482","38800","chr21_random","align_both//0017/both088999","0.0393072","0.961804","793206","930","552","N/A","N/A","753862","1076","1679693"],[0,137624,176954,-1,"chr1:142078430","325258","N/A","1000","118","0.957356","N/A","0","0.0408302","37334","12842","1545","38879","chr1","align_both//0001/both009502","0.0409498","0.960261","142117874","982","563","N/A","N/A","142078430","1018","247249719",{"Sublist":[[0,137624,168683,1,"chr4:49215274","187194","N/A","1000","91","0.957299","N/A","0","0.0409442","29301","7486","1216","30517","chr4","align_both//0018/both091250","0.0410588","0.960153","49246210","764","452","N/A","N/A","49215274","963","191273063"],[0,137624,168683,-1,"chr4:48942794","187628","N/A","1000","90","0.95906","N/A","0","0.0390875","29095","7472","1152","30247","chr4","align_both//0018/both091246","0.0391956","0.961914","48973550","730","422","N/A","N/A","48942794","1323","191273063",{"Sublist":[[0,139854,143219,1,"chr21_random:78710","11330","N/A","1000","8","0.968778","N/A","0","0.0294841","3258","438","97","3355","chr21_random","align_both//0017/both088898","0.0295147","0.971088","82104","53","44","N/A","N/A","78710","51","1679693"],[0,143063,146118,1,"chr2:132826754","14868","N/A","1000","7","0.946025","N/A","0","0.0536792","2892","741","158","3050","chr2","align_both//0016/both083380","0.0538147","0.948197","132830103","91","67","N/A","N/A","132826754","306","242951149"],[0,143103,146222,-1,"chr9:66230538","14150","N/A","1000","7","0.94144","N/A","0","0.0586836","2942","722","176","3118","chr9","align_both//0018/both091299","0.0588082","0.943554","66233955","96","80","N/A","N/A","66230538","302","140273252"]]}]]}],[0,146223,188328,-1,"chr2:94911774","0","N/A","1000","235","0.933549","N/A","0","0.0634435","36681","0","2376","39057","chr2","align_both//0016/both081175","0.0637857","0.939166","94959893","1564","812","N/A","N/A","94911774","5148","242951149",{"Sublist":[[0,146223,152187,1,"chr9:68662338","34677","N/A","1000","31","0.938498","N/A","0","0.0588365","5585","1539","335","5920","chr9","align_both//0018/both091305","0.059071","0.943412","68668326","209","126","N/A","N/A","68662338","114","140273252"],[0,146223,152187,1,"chr9:67507105","34875","N/A","1000","30","0.938666","N/A","0","0.0588261","5586","1529","335","5921","chr9","align_both//0018/both091300","0.0590901","0.943422","67513108","215","120","N/A","N/A","67507105","127","140273252"],[0,146223,152187,-1,"chr9:43127015","34238","N/A","1000","31","0.93919","N/A","0","0.0580856","5591","1539","331","5922","chr9","align_both//0018/both091291","0.0583406","0.944107","43133025","212","119","N/A","N/A","43127015","132","140273252"],[0,146223,152187,1,"chr9:42348901","34944","N/A","1000","31","0.938172","N/A","0","0.0591916","5584","1539","337","5921","chr9","align_both//0018/both091287","0.0594524","0.943084","42354887","215","122","N/A","N/A","42348901","110","140273252"],[0,146223,152187,-1,"chr9:44062043","34673","N/A","1000","31","0.938207","N/A","0","0.0591274","5557","1521","335","5892","chr9","align_both//0018/both091294","0.0593741","0.943143","44068004","211","124","N/A","N/A","44062043","143","140273252"]]}],[0,153209,188332,1,"chr4_random:681502","362885","N/A","1000","90","0.961306","N/A",