{"histograms":{"meta":[{"arrayParams":{"chunkSize":10000,"length":19,"urlTemplate":"hist-50000-{Chunk}.json"},"basesPerBin":"50000"}],"stats":[{"basesPerBin":"50000","mean":4.57894736842105,"max":34}]},"featureCount":65,"intervals":{"nclist":[[0,580223,582425,1,"chr8:86885253","37420","N/A","1000","1","0.993776","N/A","0","0.00573019","1916","1276","11","1927","chr8","align_both//0022/both112761","0.00573055","0.994292","86887179","5","6","N/A","N/A","86885253","276","146274826"],[0,580223,582425,1,"chr8:86873063","46460","N/A","1000","0","0.994099","N/A","0","0.00592438","2190","1556","13","2203","chr8","align_both//0022/both112757","0.00592445","0.994099","86875265","5","8","N/A","N/A","86873063","0","146274826"],[0,580223,582425,1,"chr8:86860872","46046","N/A","1000","0","0.994553","N/A","0","0.00546699","2191","1552","12","2203","chr8","align_both//0022/both112753","0.00546699","0.994553","86863074","4","8","N/A","N/A","86860872","0","146274826"],[0,580223,582425,1,"chr8:86743141","35428","N/A","1000","2","0.980239","N/A","0","0.0189783","1885","1272","36","1921","chr8","align_both//0022/both112739","0.018986","0.98126","86745061","18","18","N/A","N/A","86743141","282","146274826",{"Sublist":[[0,580223,582300,1,"chr8:86909357","29621","N/A","1000","5","0.916158","N/A","0","0.086044","1650","1256","146","1796","chr8","align_both//0022/both112769","0.0862018","0.918708","86911170","72","74","N/A","N/A","86909357","300","146274826"]]}],[0,581341,582425,-1,"chr8_random:592174","12825","N/A","1000","0","0.993548","N/A","0","0.00647952","1078","438","7","1085","chr8_random","align_both//0022/both113112","0.00647959","0.993548","593258","2","5","N/A","N/A","592174","0","943810"],[0,585424,586891,-1,"chr8:86900361","40079","N/A","1000","1","0.99047","N/A","0","0.00890828","1455","1375","13","1468","chr8","align_both//0022/both112767","0.00891022","0.991144","86901829","2","11","N/A","N/A","86900361","1","146274826"],[0,585424,586891,-1,"chr8:86888171","39649","N/A","1000","1","0.988428","N/A","0","0.0109792","1452","1379","16","1468","chr8","align_both//0022/both112763","0.0109798","0.989101","86889639","4","12","N/A","N/A","86888171","1","146274826"],[0,585424,586891,-1,"chr8:86876257","39789","N/A","1000","1","0.988428","N/A","0","0.0109792","1452","1380","16","1468","chr8","align_both//0022/both112759","0.0109811","0.989101","86877725","3","13","N/A","N/A","86876257","1","146274826"],[0,585424,586891,-1,"chr8:86864066","39969","N/A","1000","1","0.989789","N/A","0","0.00959794","1454","1375","14","1468","chr8","align_both//0022/both112755","0.00960048","0.990463","86865534","2","12","N/A","N/A","86864066","1","146274826"],[0,585424,586891,-1,"chr8:86851875","40199","N/A","1000","1","0.991831","N/A","0","0.00753087","1457","1379","11","1468","chr8","align_both//0022/both112751","0.00753103","0.992507","86853343","3","8","N/A","N/A","86851875","1","146274826"],[0,585424,586891,-1,"chr8:86746053","39979","N/A","1000","1","0.99047","N/A","0","0.00890828","1455","1379","13","1468","chr8","align_both//0022/both112741","0.00890844","0.991144","86747521","5","8","N/A","N/A","86746053","1","146274826"],[0,587001,589136,1,"chr8:86907870","55828","N/A","1000","5","0.984984","N/A","0","0.0128087","2099","1993","27","2126","chr8","align_both//0022/both112768","0.0128102","0.9873","86909997","12","15","N/A","N/A","86907870","10","146274826"],[0,587001,589136,1,"chr8:86895680","58016","N/A","1000","2","0.992506","N/A","0","0.00659241","2119","2000","14","2133","chr8","align_both//0022/both112764","0.00659556","0.993436","86897813","9","5","N/A","N/A","86895680","2","146274826"],[0,587001,589136,1,"chr8:86871576","58236","N/A","1000","2","0.993443","N/A","0","0.00564709","2121","2000","12","2133","chr8","align_both//0022/both112756","0.0056531","0.994374","86873709","10","2","N/A","N/A","86871576","2","146274826"],[0,587001,589136,1,"chr8:86859385","58346","N/A","1000","2","0.993911","N/A","0","0.00517487","2122","2000","11","2133","chr8","align_both//0022/both112752","0.00518384","0.994843","86861518","11","0","N/A","N/A","86859385","2","146274826"],[0,587001,589136,1,"chr8:86753562","58346","N/A","1000","2","0.993911","N/A","0","0.00517487","2122","2000","11","2133","chr8","align_both//0022/both112742","0.00517961","0.994843","86755695","9","2","N/A","N/A","86753562","2","146274826",{"Sublist":[[0,587007,589111,1,"chr8:86741488","51533","N/A","1000","4","0.957659","N/A","0","0.0416502","2013","1944","85","2098","chr8","align_both//0022/both112738","0.0416527","0.959485","86743757","32","53","N/A","N/A","86741488","179","146274826"]]}],[0,589237,593258,-1,"chr8:86756167","73690","N/A","1000","1","0.994531","N/A","0","0.00523954","4001","2493","21","4022","chr8","align_both//0022/both112744","0.00523973","0.994779","86760243","9","12","N/A","N/A","86756167","55","146274826"],[0,589766,593258,-1,"chr8:86898285","72425","N/A","1000","0","0.991698","N/A","0","0.00834861","3464","2486","29","3493","chr8","align_both//0022/both112766","0.00834862","0.991698","86901777","10","19","N/A","N/A","86898285","0","146274826"],[0,589766,593258,-1,"chr8:86874181","73880","N/A","1000","0","0.991411","N/A","0","0.00863816","3463","2525","30","3493","chr8","align_both//0022/both112758","0.00863841","0.991411","86877673","12","18","N/A","N/A","86874181","0","146274826"],[0,589766,593258,-1,"chr8:86861990","72496","N/A","1000","0","0.990266","N/A","0","0.00979747","3459","2485","34","3493","chr8","align_both//0022/both112754","0.0097975","0.990266","86865482","12","22","N/A","N/A","86861990","0","146274826"],[0,589766,593258,-1,"chr8:86743977","71028","N/A","1000","0","0.985113","N/A","0","0.0150366","3441","2491","52","3493","chr8","align_both//0022/both112740","0.0150414","0.985113","86747469","26","26","N/A","N/A","86743977","0","146274826",{"Sublist":[[0,589766,593257,-1,"chr8:86886096","71706","N/A","1000","0","0.989404","N/A","0","0.0106712","3455","2488","37","3492","chr8","align_both//0022/both112762","0.0106721","0.989404","86889587","16","21","N/A","N/A","86886096","0","146274826",{"Sublist":[[0,589766,592053,-1,"chr8:86851004","60000","N/A","1000","0","0.99257","N/A","0","0.00746712","2271","2055","17","2288","chr8","align_both//0022/both112750","0.00746874","0.99257","86853291","9","8","N/A","N/A","86851004","0","146274826"]]}]]}],[0,592174,593258,-1,"chr8_random:581341","12825","N/A","1000","0","0.993548","N/A","0","0.00647952","1078","438","7","1085","chr8_random","align_both//0022/both113112","0.00647959","0.993548","582425","2","5","N/A","N/A","581341","0","943810"],[0,643267,652717,1,"chr8:48388782","26150","N/A","1000","13","0.971335","N/A","0","0.0278379","9183","879","258","9441","chr8","align_both//0022/both112423","0.0278847","0.972672","48398237","158","100","N/A","N/A","48388782","25","146274826"],[0,732173,844650,1,"chr5:21314113","0","N/A","1000","209","0.978461","N/A","0","0.0199025","105619","0","2116","107735","chr5","align_both//0019/both099900","0.0199329","0.980359","21426513","1374","742","N/A","N/A","21314113","2148","180857866"],[0,751811,871954,-1,"chr6:26952550","0","N/A","1000","256","0.977489","N/A","0","0.0206917","116636","0","2430","119066","chr6","align_both//0020/both104276","0.0207196","0.979591","27078328","1518","912","N/A","N/A","26952550","2209","170899992"],[0,782446,871954,-1,"chr5:34209558","0","N/A","1000","155","0.981382","N/A","0","0.016922","79331","0","1350","80681","chr5","align_both//0020/both100202","0.0169368","0.983267","34292130","800","550","N/A","N/A","34209558","1126","180857866"],[0,844647,891027,1,"chr5:21513373","584467","N/A","1000","66","0.982416","N/A","0","0.0163319","44639","20910","733","45372","chr5","align_both//0019/both099905","0.0163441","0.983845","21558880","424","309","N/A","N/A","21513373","1145","180857866",{"Sublist":[[0,844647,864113,-1,"chr5:99738308","0","N/A","1000","53","0.962971","N/A","0","0.0352073","18698","0","666","19364","chr5","align_both//0020/both102025","0.0352443","0.965606",