{"intervals":{"maxEnd":301857,"urlTemplate":"lf-{Chunk}.json","lazyClass":2,"classes":[{"isArrayAttr":{"Subfeatures":1},"attributes":["Start","End","Strand","Name","Score","ccov","posBasesHit","indelN","fracMatchIndel","testResult","uid","jcK","matchB","alignB","mismatchB","alignL","otherChrom","alignfile","k2K","fracMatch","otherEnd","transitionsB","transversionsB","verdict","chits","otherStart","indelS","otherSize"]},{"isArrayAttr":{},"attributes":["Start","End","Strand","Type"]},{"isArrayAttr":{"Sublist":1},"attributes":["Start","End","Chunk"]}],"minStart":142690,"count":13,"nclist":[[0,142690,186614,1,"chr19:59919900","664782","N/A","1000","55","0.981228","N/A","0","0.0177466","42966","24400","767","43733","chr19","align_both//0015/both077449","0.0177616","0.982462","59963998","447","320","N/A","N/A","59919900","558","63811651"],[0,150255,186614,1,"chr19_random:257447","470619","N/A","1000","186","0.910976","N/A","0","0.0893258","32244","22244","2965","35209","chr19_random","align_both//0015/both077686","0.0896465","0.915789","295809","1639","1326","N/A","N/A","257447","4305","301858"],[0,159355,229971,1,"chr19:59967750","0","N/A","1000","93","0.976193","N/A","0","0.0228185","66633","0","1532","68165","chr19","align_both//0015/both077466","0.0228459","0.977525","60036584","911","621","N/A","N/A","59967750","1645","63811651",{"Sublist":[[0,164902,186614,1,"chr19:60037680","287188","N/A","1000","98","0.921736","N/A","0","0.077859","19409","13678","1550","20959","chr19","align_both//0015/both077504","0.0781606","0.926046","60059188","898","652","N/A","N/A","60037680","1304","63811651"],[0,203347,228071,1,"chr19:60043779","285670","N/A","1000","128","0.905203","N/A","0","0.0957977","21676","14184","2142","23818","chr19","align_both//0015/both077507","0.0962731","0.910068","60071088","1246","896","N/A","N/A","60043779","4399","63811651"],[0,207479,229502,1,"chr19:59967779","256905","N/A","1000","117","0.898332","N/A","0","0.103656","19545","12846","2095","21640","chr19","align_both//0015/both077467","0.10412","0.903189","59989686","1171","924","N/A","N/A","59967779","652","63811651"]]}],[0,237091,273567,1,"chr19:60032277","395358","N/A","1000","165","0.914126","N/A","0","0.0863809","32350","18778","2874","35224","chr19","align_both//0015/both077500","0.0866773","0.918408","60071479","1586","1288","N/A","N/A","60032277","5232","63811651",{"Sublist":[[0,237091,269446,1,"chr19_random:270519","410493","N/A","1000","145","0.916628","N/A","0","0.0834687","27948","18421","2397","30345","chr19_random","align_both//0015/both077693","0.0837261","0.921008","301856","1305","1092","N/A","N/A","270519","3004","301858"]]}],[0,250615,283301,1,"chr19:59934738","439807","N/A","1000","113","0.934727","N/A","0","0.0646502","29743","19149","1964","31707","chr19","align_both//0015/both077459","0.0648189","0.938058","59967721","1093","871","N/A","N/A","59934738","2257","63811651",{"Sublist":[[0,252400,274224,1,"chr19:59967738","344024","N/A","1000","35","0.961644","N/A","0","0.0377194","20659","13277","789","21448","chr19","align_both//0015/both077465","0.0378061","0.963213","59989686","483","306","N/A","N/A","59967738","878","63811651"]]}],[0,257447,295809,1,"chr19_random:150255","470619","N/A","1000","186","0.910976","N/A","0","0.0893258","32244","22244","2965","35209","chr19_random","align_both//0015/both077686","0.0896465","0.915789","186614","1639","1326","N/A","N/A","150255","4305","301858"],[0,270519,301856,1,"chr19_random:237091","410493","N/A","1000","145","0.916628","N/A","0","0.0834687","27948","18421","2397","30345","chr19_random","align_both//0015/both077693","0.0837261","0.921008","269446","1305","1092","N/A","N/A","237091","3004","301858"],[0,274351,301857,1,"chr19:60037660","433025","N/A","1000","46","0.972335","N/A","0","0.0264963","26712","16295","714","27426","chr19","align_both//0015/both077503","0.0265229","0.973966","60065237","396","318","N/A","N/A","60037660","233","63811651"]]},"formatVersion":1,"histograms":{"stats":[{"max":10,"basesPerBin":"100000","mean":4}],"meta":[{"arrayParams":{"chunkSize":10000,"urlTemplate":"hist-100000-{Chunk}.json","length":4},"basesPerBin":"100000"}]},"featureCount":13}